path,category
/Animals,Animals
/Animals/Pets,Pets
/Animals/Pets/Exotic Pets,Exotic Pets
/Animals/Pets/Pet Food & Supplies,Pet Food & Supplies
/Animals/Veterinarians,Veterinarians
/Animals/Wildlife,Wildlife
/Arts & Humanities,Arts & Humanities
/Arts & Humanities/Books & Literature,Books & Literature
/Arts & Humanities/Books & Literature/Book Retailers,Book Retailers
/Arts & Humanities/Books & Literature/E-Books,E-Books
/Arts & Humanities/Books & Literature/Fan Fiction,Fan Fiction
/Arts & Humanities/Books & Literature/Poetry,Poetry
/Arts & Humanities/Humanities,Humanities
/Arts & Humanities/Humanities/History,History
/Arts & Humanities/Humanities/Myth & Folklore,Myth & Folklore
/Arts & Humanities/Theater & Performing Arts,Theater & Performing Arts
/Arts & Humanities/Visual Arts,Visual Arts
/Automotive,Automotive
/Automotive/Auto Financing,Auto Financing
/Automotive/Auto Insurance,Auto Insurance
/Automotive/Auto Parts,Auto Parts
/Automotive/Auto Parts/Vehicle Tires,Vehicle Tires
/Automotive/Car Shows,Car Shows
/Automotive/Car Stereo,Car Stereo
/Automotive/Custom & Performance Vehicles,Custom & Performance Vehicles
/Automotive/Hybrid & Alternative Vehicles,Hybrid & Alternative Vehicles
/Automotive/Motorcycles,Motorcycles
/Automotive/Off-Road & Recreational Vehicles,Off-Road & Recreational Vehicles
/Automotive/Trucks & SUVs,Trucks & SUVs
/Automotive/Vehicle Brands,Vehicle Brands
/Automotive/Vehicle Brands/Acura,Acura
/Automotive/Vehicle Brands/Audi,Audi
/Automotive/Vehicle Brands/BMW,BMW
/Automotive/Vehicle Brands/Cadillac,Cadillac
/Automotive/Vehicle Brands/Chevrolet,Chevrolet
/Automotive/Vehicle Brands/Chrysler,Chrysler
/Automotive/Vehicle Brands/Citroen,Citroen
/Automotive/Vehicle Brands/Dodge,Dodge
/Automotive/Vehicle Brands/Fiat,Fiat
/Automotive/Vehicle Brands/Ford,Ford
/Automotive/Vehicle Brands/GMC,GMC
/Automotive/Vehicle Brands/Honda,Honda
/Automotive/Vehicle Brands/Hyundai,Hyundai
/Automotive/Vehicle Brands/Jeep,Jeep
/Automotive/Vehicle Brands/Kia,Kia
/Automotive/Vehicle Brands/Lexus,Lexus
/Automotive/Vehicle Brands/Lincoln,Lincoln
/Automotive/Vehicle Brands/Mazda,Mazda
/Automotive/Vehicle Brands/Mercedes-Benz,Mercedes-Benz
/Automotive/Vehicle Brands/Mercury,Mercury
/Automotive/Vehicle Brands/Mitsubishi,Mitsubishi
/Automotive/Vehicle Brands/Nissan,Nissan
/Automotive/Vehicle Brands/Peugeot,Peugeot
/Automotive/Vehicle Brands/Pontiac,Pontiac
/Automotive/Vehicle Brands/Porsche,Porsche
/Automotive/Vehicle Brands/Renault,Renault
/Automotive/Vehicle Brands/Saturn,Saturn
/Automotive/Vehicle Brands/Subaru,Subaru
/Automotive/Vehicle Brands/Toyota,Toyota
/Automotive/Vehicle Brands/Volkswagen,Volkswagen
/Automotive/Vehicle Brands/Volvo,Volvo
/Automotive/Vehicle Licensing & Registration,Vehicle Licensing & Registration
/Automotive/Vehicle Maintenance,Vehicle Maintenance
/Automotive/Vehicle Shopping,Vehicle Shopping
/Beauty & Personal Care,Beauty & Personal Care
/Beauty & Personal Care/Beauty Magazines,Beauty Magazines
/Beauty & Personal Care/Body Art,Body Art
/Beauty & Personal Care/Cosmetic Surgery,Cosmetic Surgery
/Beauty & Personal Care/Cosmetology & Beauty Professionals,Cosmetology & Beauty Professionals
/Beauty & Personal Care/Face & Body Care,Face & Body Care
/Beauty & Personal Care/Face & Body Care/Cosmetics,Cosmetics
/Beauty & Personal Care/Face & Body Care/Fragrances,Fragrances
/Beauty & Personal Care/Face & Body Care/Hair Removal,Hair Removal
/Beauty & Personal Care/Face & Body Care/Hygiene & Toiletries,Hygiene & Toiletries
/Beauty & Personal Care/Face & Body Care/Skin & Nail Care,Skin & Nail Care
/Beauty & Personal Care/Fitness,Fitness
/Beauty & Personal Care/Fitness/Bodybuilding,Bodybuilding
/Beauty & Personal Care/Fitness/Yoga & Pilates,Yoga & Pilates
/Beauty & Personal Care/Hair Care & Products,Hair Care & Products
/Beauty & Personal Care/Hair Care & Products/Hair Loss,Hair Loss
/Beauty & Personal Care/Spas & Beauty Services,Spas & Beauty Services
/Beauty & Personal Care/Spas & Beauty Services/Massage Therapy,Massage Therapy
/Beauty & Personal Care/Weight Loss,Weight Loss
/Business,Business
/Business/Advertising & Marketing,Advertising & Marketing
/Business/Advertising & Marketing/Marketing Services,Marketing Services
/Business/Advertising & Marketing/Public Relations,Public Relations
/Business/Advertising & Marketing/Telemarketing,Telemarketing
/Business/Business Plans & Presentations,Business Plans & Presentations
/Business/Business Schools & Training,Business Schools & Training
/Business/Business Services & Consulting,Business Services & Consulting
/Business/Business Services & Consulting/Fire & Security Services,Fire & Security Services
/Business/Business Services & Consulting/Knowledge Management,Knowledge Management
/Business/Business Services & Consulting/Outsourcing,Outsourcing
/Business/Business Services & Consulting/Physical Asset Management,Physical Asset Management
/Business/Business Services & Consulting/Quality Control & Tracking,Quality Control & Tracking
/Business/Corporate Events,Corporate Events
/Business/Corporate Events/Trade Shows & Conventions,Trade Shows & Conventions
/Business/E-Commerce,E-Commerce
/Business/E-Commerce/Merchant Services & Payment Systems,Merchant Services & Payment Systems
/Business/Human Resources,Human Resources
/Business/Human Resources/Compensation & Benefits,Compensation & Benefits
/Business/Human Resources/Corporate Training,Corporate Training
/Business/Human Resources/Payroll Services,Payroll Services
/Business/Human Resources/Recruitment & Staffing,Recruitment & Staffing
/Business/Management & Corporate Operations,Management & Corporate Operations
/Business/Management & Corporate Operations/Business Process,Business Process
/Business/Management & Corporate Operations/Strategic Planning,Strategic Planning
/Business/Management & Corporate Operations/Supply Chain Management,Supply Chain Management
/Business/Office & Printing Services,Office & Printing Services
/Business/Office & Printing Services/Office & Facilities Management,Office & Facilities Management
/Business/Office & Printing Services/Office Furniture,Office Furniture
/Business/Office & Printing Services/Office Supplies,Office Supplies
/Business/Office & Printing Services/Printing Services,Printing Services
/Business/Office & Printing Services/Writing & Editing Services,Writing & Editing Services
/Business/Small Business,Small Business
/Business/Small Business/Home Office,Home Office
/Business/Small Business/MLM & Business Opportunities,MLM & Business Opportunities
/Computers & Electronics,Computers & Electronics
/Computers & Electronics/Computer Security,Computer Security
/Computers & Electronics/Computer Security/Antivirus & Malware,Antivirus & Malware
/Computers & Electronics/Computer Security/Network Security,Network Security
/Computers & Electronics/Consumer Electronics,Consumer Electronics
/Computers & Electronics/Consumer Electronics/Audio Equipment,Audio Equipment
/Computers & Electronics/Consumer Electronics/Audio Equipment/Home Stereo,Home Stereo
/Computers & Electronics/Consumer Electronics/Audio Equipment/MP3 Players,MP3 Players
/Computers & Electronics/Consumer Electronics/Home Video,Home Video
/Computers & Electronics/Consumer Electronics/Home Video/Televisions,Televisions
/Computers & Electronics/Consumer Electronics/Home Video/Video Players & Recorders,Video Players & Recorders
/Computers & Electronics/Consumer Electronics/Personal Electronics,Personal Electronics
/Computers & Electronics/Consumer Electronics/Personal Electronics/Handhelds & PDAs,Handhelds & PDAs
/Computers & Electronics/Electronics & Electrical,Electronics & Electrical
/Computers & Electronics/Electronics & Electrical/Electromechanical Devices,Electromechanical Devices
/Computers & Electronics/Electronics & Electrical/Electronic Components,Electronic Components
/Computers & Electronics/Electronics & Electrical/Optoelectronics & Fiber,Optoelectronics & Fiber
/Computers & Electronics/Electronics & Electrical/Power Supplies,Power Supplies
/Computers & Electronics/Electronics & Electrical/Test & Measurement,Test & Measurement
/Computers & Electronics/Enterprise Technology,Enterprise Technology
/Computers & Electronics/Enterprise Technology/CRM,CRM
/Computers & Electronics/Enterprise Technology/Data Management,Data Management
/Computers & Electronics/Enterprise Technology/ERP,ERP
/Computers & Electronics/Hardware,Hardware
/Computers & Electronics/Hardware/Desktops,Desktops
/Computers & Electronics/Hardware/Hardware Components,Hardware Components
/Computers & Electronics/Hardware/Hardware Components/Chips & Processors,Chips & Processors
/Computers & Electronics/Hardware/Hardware Components/Memory,Memory
/Computers & Electronics/Hardware/Hardware Components/Sound & Video Cards,Sound & Video Cards
/Computers & Electronics/Hardware/Laptops,Laptops
/Computers & Electronics/Hardware/Mods & Customization,Mods & Customization
/Computers & Electronics/Hardware/Peripherals,Peripherals
/Computers & Electronics/Hardware/Peripherals/Input Devices,Input Devices
/Computers & Electronics/Hardware/Peripherals/Monitors,Monitors
/Computers & Electronics/Hardware/Peripherals/Printers,Printers
/Computers & Electronics/Hardware/Peripherals/Scanners,Scanners
/Computers & Electronics/Hardware/Servers,Servers
/Computers & Electronics/Hardware/Storage,Storage
/Computers & Electronics/Hardware/Storage/Network Storage,Network Storage
/Computers & Electronics/Networking,Networking
/Computers & Electronics/Networking/Data Formats & Protocols,Data Formats & Protocols
/Computers & Electronics/Networking/Network Monitoring & Management,Network Monitoring & Management
/Computers & Electronics/Networking/Networking Equipment,Networking Equipment
/Computers & Electronics/Programming,Programming
/Computers & Electronics/Programming/C & C++,C & C++
/Computers & Electronics/Programming/Developer Jobs,Developer Jobs
/Computers & Electronics/Programming/Development Tools,Development Tools
/Computers & Electronics/Programming/Java,Java
/Computers & Electronics/Programming/Scripting Languages,Scripting Languages
/Computers & Electronics/Programming/Windows & .NET,Windows & .NET
/Computers & Electronics/Software,Software
/Computers & Electronics/Software/Audio & Multimedia,Audio & Multimedia
/Computers & Electronics/Software/Business & Productivity,Business & Productivity
/Computers & Electronics/Software/Device Drivers,Device Drivers
/Computers & Electronics/Software/Educational Software,Educational Software
/Computers & Electronics/Software/Graphics & Publishing,Graphics & Publishing
/Computers & Electronics/Software/Graphics & Publishing/Fonts,Fonts
/Computers & Electronics/Software/Internet Software,Internet Software
/Computers & Electronics/Software/Internet Software/Content Management,Content Management
/Computers & Electronics/Software/Internet Software/Internet Clients & Browsers,Internet Clients & Browsers
/Computers & Electronics/Software/Open Source,Open Source
/Computers & Electronics/Software/Operating Systems,Operating Systems
/Computers & Electronics/Software/Operating Systems/Linux & Unix,Linux & Unix
/Computers & Electronics/Software/Operating Systems/Mac,Mac
/Computers & Electronics/Software/Operating Systems/Windows,Windows
/Computers & Electronics/Software/Software Utilities,Software Utilities
/Computers & Electronics/Tech Support,Tech Support
/Entertainment,Entertainment
/Entertainment/Celebrities,Celebrities
/Entertainment/Clubs & Nightlife,Clubs & Nightlife
/Entertainment/Comics & Animation,Comics & Animation
/Entertainment/Comics & Animation/Anime & Manga,Anime & Manga
/Entertainment/Comics & Animation/Cartoons,Cartoons
/Entertainment/Comics & Animation/Comics,Comics
/Entertainment/Dancing,Dancing
/Entertainment/Entertainment Industry,Entertainment Industry
/Entertainment/Fashion & Modeling,Fashion & Modeling
/Entertainment/Fun & Trivia,Fun & Trivia
/Entertainment/Humor & Bizarre,Humor & Bizarre
/Entertainment/Humor & Bizarre/Bizarre,Bizarre
/Entertainment/Humor & Bizarre/Humor,Humor
/Entertainment/Humor & Bizarre/Paranormal,Paranormal
/Entertainment/Movies,Movies
/Entertainment/Movies/Bollywood & Lollywood,Bollywood & Lollywood
/Entertainment/Movies/Horror Films,Horror Films
/Entertainment/Movies/Movie Memorabilia,Movie Memorabilia
/Entertainment/Movies/Movie Rentals & Sales,Movie Rentals & Sales
/Entertainment/Movies/Science Fiction & Fantasy Films,Science Fiction & Fantasy Films
/Entertainment/Multimedia Content,Multimedia Content
/Entertainment/Multimedia Content/Flash Content,Flash Content
/Entertainment/Multimedia Content/Podcasting,Podcasting
/Entertainment/Multimedia Content/Video Clips & Movie Downloads,Video Clips & Movie Downloads
/Entertainment/Music,Music
/Entertainment/Music/Alternative-Punk-Metal,Alternative-Punk-Metal
/Entertainment/Music/Christian,Christian
/Entertainment/Music/Classical,Classical
/Entertainment/Music/Country & Folk,Country & Folk
/Entertainment/Music/Dance & Electronica,Dance & Electronica
/Entertainment/Music/Jazz & R&B,Jazz & R&B
/Entertainment/Music/Latin,Latin
/Entertainment/Music/Lyrics & Tabs,Lyrics & Tabs
/Entertainment/Music/Music Art & Memorabilia,Music Art & Memorabilia
/Entertainment/Music/Music Retailers,Music Retailers
/Entertainment/Music/Music Streams & Downloads,Music Streams & Downloads
/Entertainment/Music/Musical Instruments,Musical Instruments
/Entertainment/Music/Rock & Pop,Rock & Pop
/Entertainment/Music/Urban & Hip-Hop,Urban & Hip-Hop
/Entertainment/Music/Vocals & Show Tunes,Vocals & Show Tunes
/Entertainment/Music/World Music,World Music
/Entertainment/Radio,Radio
/Entertainment/TV,TV
/Entertainment/TV/TV Networks,TV Networks
/Entertainment/TV/TV Programs,TV Programs
/Entertainment/TV/TV Programs/Soap Operas,Soap Operas
/Finance & Insurance,Finance & Insurance
/Finance & Insurance/Accounting & Tax,Accounting & Tax
/Finance & Insurance/Banking & Personal Finance,Banking & Personal Finance
/Finance & Insurance/Credit & Lending,Credit & Lending
/Finance & Insurance/Credit & Lending/Credit Cards,Credit Cards
/Finance & Insurance/Credit & Lending/Debt Management,Debt Management
/Finance & Insurance/Credit & Lending/Student Lending,Student Lending
/Finance & Insurance/Currencies & Foreign Exchange,Currencies & Foreign Exchange
/Finance & Insurance/Insurance,Insurance
/Finance & Insurance/Insurance/Risk Management,Risk Management
/Finance & Insurance/Investing,Investing
/Finance & Insurance/Retirement & Pension,Retirement & Pension
/Food & Drink,Food & Drink
/Food & Drink/Alcoholic Beverages,Alcoholic Beverages
/Food & Drink/Alcoholic Beverages/Beer,Beer
/Food & Drink/Alcoholic Beverages/Liquor,Liquor
/Food & Drink/Alcoholic Beverages/Wine,Wine
/Food & Drink/Cooking & Recipes,Cooking & Recipes
/Food & Drink/Cookware,Cookware
/Food & Drink/Culinary Training,Culinary Training
/Food & Drink/Food Retailers,Food Retailers
/Food & Drink/Nonalcoholic Beverages,Nonalcoholic Beverages
/Food & Drink/Restaurants,Restaurants
/Food & Drink/Restaurants/Restaurant Supply,Restaurant Supply
/Games,Games
/Games/Cards & Casino Games,Cards & Casino Games
/Games/Lotto & Sweepstakes,Lotto & Sweepstakes
/Games/Roleplaying Games,Roleplaying Games
/Games/Video Games,Video Games
/Games/Video Games/Cheats & Hints,Cheats & Hints
/Games/Video Games/Online Games,Online Games
/Health,Health
/Health/Aging & Geriatrics,Aging & Geriatrics
/Health/Aging & Geriatrics/Alzheimer's Disease,Alzheimer's Disease
/Health/Alternative & Natural Medicine,Alternative & Natural Medicine
/Health/Dental Care,Dental Care
/Health/Health Conditions,Health Conditions
/Health/Health Conditions/AIDS & HIV,AIDS & HIV
/Health/Health Conditions/Allergies,Allergies
/Health/Health Conditions/Arthritis,Arthritis
/Health/Health Conditions/Cancer,Cancer
/Health/Health Conditions/Cold & Flu,Cold & Flu
/Health/Health Conditions/Diabetes,Diabetes
/Health/Health Conditions/Eating Disorders,Eating Disorders
/Health/Health Conditions/GERD & Digestive Disorders,GERD & Digestive Disorders
/Health/Health Conditions/Heart & Hypertension,Heart & Hypertension
/Health/Health Conditions/Infectious Diseases,Infectious Diseases
/Health/Health Conditions/Injury,Injury
/Health/Health Conditions/Obesity,Obesity
/Health/Health Conditions/Pain Management,Pain Management
/Health/Health Conditions/Pain Management/Headaches & Migraines,Headaches & Migraines
/Health/Health Conditions/Respiratory Conditions,Respiratory Conditions
/Health/Health Conditions/Respiratory Conditions/Asthma,Asthma
/Health/Health Conditions/Skin Conditions,Skin Conditions
/Health/Health Conditions/Sleep Disorders,Sleep Disorders
/Health/Health Education & Medical Training,Health Education & Medical Training
/Health/Health Foundations & Medical Research,Health Foundations & Medical Research
/Health/Health Insurance,Health Insurance
/Health/Medical Devices & Equipment,Medical Devices & Equipment
/Health/Medical Facilities & Services,Medical Facilities & Services
/Health/Medical Facilities & Services/Doctors' Offices,Doctors' Offices
/Health/Medical Facilities & Services/Hospitals & Treatment Centers,Hospitals & Treatment Centers
/Health/Medical Facilities & Services/Medical Procedures,Medical Procedures
/Health/Medical Facilities & Services/Physical Therapy,Physical Therapy
/Health/Medical Literature & Resources,Medical Literature & Resources
/Health/Men's Health,Men's Health
/Health/Mental Health,Mental Health
/Health/Mental Health/Anxiety & Stress,Anxiety & Stress
/Health/Mental Health/Depression,Depression
/Health/Mental Health/Learning & Developmental Disabilities,Learning & Developmental Disabilities
/Health/Mental Health/Learning & Developmental Disabilities/ADD & ADHD,ADD & ADHD
/Health/Nursing,Nursing
/Health/Nursing/Assisted Living & Long Term Care,Assisted Living & Long Term Care
/Health/Nutrition,Nutrition
/Health/Nutrition/Special & Restricted Diets,Special & Restricted Diets
/Health/Nutrition/Special & Restricted Diets/Cholesterol,Cholesterol
/Health/Nutrition/Special & Restricted Diets/Vegetarian,Vegetarian
/Health/Nutrition/Vitamins & Supplements,Vitamins & Supplements
/Health/Occupational Health & Safety,Occupational Health & Safety
/Health/Pediatrics,Pediatrics
/Health/Pharmacy,Pharmacy
/Health/Pharmacy/Drugs & Medications,Drugs & Medications
/Health/Reproductive Health,Reproductive Health
/Health/Reproductive Health/Birth Control,Birth Control
/Health/Reproductive Health/Erectile Dysfunction,Erectile Dysfunction
/Health/Reproductive Health/Infertility,Infertility
/Health/Reproductive Health/OBGYN,OBGYN
/Health/Reproductive Health/STDs,STDs
/Health/Reproductive Health/Sexuality,Sexuality
/Health/Substance Abuse,Substance Abuse
/Health/Vision Care,Vision Care
/Health/Women's Health,Women's Health
/Home & Garden,Home & Garden
/Home & Garden/Domestic Services,Domestic Services
/Home & Garden/Gardening,Gardening
/Home & Garden/Home Appliances,Home Appliances
/Home & Garden/Home Furnishings,Home Furnishings
/Home & Garden/Home Furnishings/Lighting,Lighting
/Home & Garden/Home Improvement,Home Improvement
/Home & Garden/Homemaking & Interior Decor,Homemaking & Interior Decor
/Home & Garden/Pest Control,Pest Control
/Industries,Industries
/Industries/Aerospace & Defense,Aerospace & Defense
/Industries/Aerospace & Defense/Defense Industry,Defense Industry
/Industries/Aerospace & Defense/Space Technology,Space Technology
/Industries/Agriculture & Forestry,Agriculture & Forestry
/Industries/Agriculture & Forestry/Agricultural Equipment,Agricultural Equipment
/Industries/Agriculture & Forestry/Aquaculture,Aquaculture
/Industries/Agriculture & Forestry/Crops & Seed,Crops & Seed
/Industries/Agriculture & Forestry/Food Production,Food Production
/Industries/Agriculture & Forestry/Forestry,Forestry
/Industries/Agriculture & Forestry/Horticulture,Horticulture
/Industries/Agriculture & Forestry/Livestock,Livestock
/Industries/Chemicals,Chemicals
/Industries/Chemicals/Agrochemicals,Agrochemicals
/Industries/Chemicals/Cleaning Agents,Cleaning Agents
/Industries/Chemicals/Coatings & Adhesives,Coatings & Adhesives
/Industries/Chemicals/Dyes & Pigments,Dyes & Pigments
/Industries/Chemicals/Plastics & Polymers,Plastics & Polymers
/Industries/Construction & Maintenance,Construction & Maintenance
/Industries/Construction & Maintenance/Building Materials,Building Materials
/Industries/Construction & Maintenance/Building Materials/Doors & Windows,Doors & Windows
/Industries/Construction & Maintenance/Building Materials/Heating Ventilation & Air Conditioning,Heating Ventilation & Air Conditioning
/Industries/Construction & Maintenance/Building Materials/Nails Screws & Fasteners,Nails Screws & Fasteners
/Industries/Construction & Maintenance/Building Materials/Plumbing Fixtures & Equipment,Plumbing Fixtures & Equipment
/Industries/Construction & Maintenance/Building Materials/Wood & Plastics,Wood & Plastics
/Industries/Construction & Maintenance/Building Materials/Wood & Plastics/Flooring,Flooring
/Industries/Construction & Maintenance/Civil Engineering,Civil Engineering
/Industries/Construction & Maintenance/Construction Contractors,Construction Contractors
/Industries/Construction & Maintenance/Property Development,Property Development
/Industries/Construction & Maintenance/Urban & Regional Planning,Urban & Regional Planning
/Industries/Design,Design
/Industries/Design/Architecture,Architecture
/Industries/Design/Graphic Design & Publishing,Graphic Design & Publishing
/Industries/Design/Industrial & Product Design,Industrial & Product Design
/Industries/Design/Interior Design,Interior Design
/Industries/Energy & Utilities,Energy & Utilities
/Industries/Energy & Utilities/Alternative Energy,Alternative Energy
/Industries/Energy & Utilities/Electricity,Electricity
/Industries/Energy & Utilities/Oil & Gas,Oil & Gas
/Industries/Energy & Utilities/Waste Management,Waste Management
/Industries/Engineering Technology,Engineering Technology
/Industries/Industrial Materials & Equipment,Industrial Materials & Equipment
/Industries/Industrial Materials & Equipment/Generators,Generators
/Industries/Industrial Materials & Equipment/Heavy Machinery,Heavy Machinery
/Industries/Industrial Materials & Equipment/Valves Hoses & Fittings,Valves Hoses & Fittings
/Industries/Manufacturing,Manufacturing
/Industries/Manufacturing/Factory Automation,Factory Automation
/Industries/Metals & Mining,Metals & Mining
/Industries/Pharmaceutical & Biotech,Pharmaceutical & Biotech
/Industries/Retail Trade,Retail Trade
/Industries/Retail Trade/Retail Equipment & Technology,Retail Equipment & Technology
/Industries/Textiles & Paper,Textiles & Paper
/Industries/Transportation & Logistics,Transportation & Logistics
/Industries/Transportation & Logistics/Aviation,Aviation
/Industries/Transportation & Logistics/Couriers & Messengers,Couriers & Messengers
/Industries/Transportation & Logistics/Distribution & Logistics,Distribution & Logistics
/Industries/Transportation & Logistics/Freight & Trucking,Freight & Trucking
/Industries/Transportation & Logistics/Import & Export,Import & Export
/Industries/Transportation & Logistics/Maritime Transport,Maritime Transport
/Industries/Transportation & Logistics/Moving & Relocation,Moving & Relocation
/Industries/Transportation & Logistics/Packaging,Packaging
/Industries/Transportation & Logistics/Rail Transport,Rail Transport
/Industries/Transportation & Logistics/Urban Transport,Urban Transport
/Internet,Internet
/Internet/File Sharing & Hosting,File Sharing & Hosting
/Internet/Online Goodies,Online Goodies
/Internet/Online Goodies/MySpace Codes & Graphics,MySpace Codes & Graphics
/Internet/Online Goodies/Skins Themes & Screensavers,Skins Themes & Screensavers
/Internet/Search Engine Optimization & Marketing,Search Engine Optimization & Marketing
/Internet/Web Design & Development,Web Design & Development
/Internet/Web Hosting & Domain Registration,Web Hosting & Domain Registration
/Internet/Web Portals,Web Portals
/Internet/Web Services,Web Services
/Internet/Web Services/Affiliate Programs,Affiliate Programs
/Internet/Web Services/Email & Messaging,Email & Messaging
/Internet/Web Services/Search Engines,Search Engines
/Internet/Web Services/Web Stats & Analytics,Web Stats & Analytics
/Lifestyles,Lifestyles
/Lifestyles/Activism & Social Issues,Activism & Social Issues
/Lifestyles/Activism & Social Issues/Environmental Issues,Environmental Issues
/Lifestyles/Charitable & Non-profits,Charitable & Non-profits
/Lifestyles/Clubs & Organizations,Clubs & Organizations
/Lifestyles/Disabled & Special Needs,Disabled & Special Needs
/Lifestyles/Ethnic & Identity Groups,Ethnic & Identity Groups
/Lifestyles/Ethnic & Identity Groups/African-Americans,African-Americans
/Lifestyles/Ethnic & Identity Groups/Africans,Africans
/Lifestyles/Ethnic & Identity Groups/Arab & Middle Eastern,Arab & Middle Eastern
/Lifestyles/Ethnic & Identity Groups/East Asians & Asian-Americans,East Asians & Asian-Americans
/Lifestyles/Ethnic & Identity Groups/East Indian & South Asians,East Indian & South Asians
/Lifestyles/Ethnic & Identity Groups/GLBT,GLBT
/Lifestyles/Ethnic & Identity Groups/Indigenous Peoples,Indigenous Peoples
/Lifestyles/Ethnic & Identity Groups/Indigenous Peoples/Native Americans,Native Americans
/Lifestyles/Ethnic & Identity Groups/Jewish Culture,Jewish Culture
/Lifestyles/Ethnic & Identity Groups/Latinos & Latin-Americans,Latinos & Latin-Americans
/Lifestyles/Ethnic & Identity Groups/Russians & Eastern Europeans,Russians & Eastern Europeans
/Lifestyles/Ethnic & Identity Groups/Southeast Asians & Pacific Islanders,Southeast Asians & Pacific Islanders
/Lifestyles/Ethnic & Identity Groups/Western Europeans,Western Europeans
/Lifestyles/Holidays & Seasonal Events,Holidays & Seasonal Events
/Lifestyles/Kids & Teens,Kids & Teens
/Lifestyles/Kids & Teens/Children,Children
/Lifestyles/Kids & Teens/Teenagers,Teenagers
/Lifestyles/Kids & Teens/Toys,Toys
/Lifestyles/Men's Interests,Men's Interests
/Lifestyles/Men's Interests/Men's Interests (Mature),Men's Interests (Mature)
/Lifestyles/Parenting & Family,Parenting & Family
/Lifestyles/Parenting & Family/Baby Care,Baby Care
/Lifestyles/Parenting & Family/Child Care,Child Care
/Lifestyles/Parenting & Family/Genealogy,Genealogy
/Lifestyles/Parenting & Family/Pregnancy & Maternity,Pregnancy & Maternity
/Lifestyles/Parenting & Family/Youth Camps,Youth Camps
/Lifestyles/Religion & Spirituality,Religion & Spirituality
/Lifestyles/Religion & Spirituality/Astrology & Divination,Astrology & Divination
/Lifestyles/Religion & Spirituality/Religion,Religion
/Lifestyles/Religion & Spirituality/Religion/Buddhism,Buddhism
/Lifestyles/Religion & Spirituality/Religion/Christianity,Christianity
/Lifestyles/Religion & Spirituality/Religion/Hinduism,Hinduism
/Lifestyles/Religion & Spirituality/Religion/Islam,Islam
/Lifestyles/Religion & Spirituality/Religion/Judaism,Judaism
/Lifestyles/Religion & Spirituality/Spirituality,Spirituality
/Lifestyles/Self-Help & Motivational,Self-Help & Motivational
/Lifestyles/Seniors & Retirement,Seniors & Retirement
/Lifestyles/Subcultures & Niche Interests,Subcultures & Niche Interests
/Lifestyles/Subcultures & Niche Interests/Gothic Community,Gothic Community
/Lifestyles/Subcultures & Niche Interests/Science Fiction & Fantasy,Science Fiction & Fantasy
/Lifestyles/Weddings,Weddings
/Lifestyles/Women's Interests,Women's Interests
/Local,Local
/Local/Classifieds,Classifieds
/Local/Event Listings,Event Listings
/Local/Jobs,Jobs
/Local/Regional Content,Regional Content
/Local/Regional Content/Africa,Africa
/Local/Regional Content/Caribbean,Caribbean
/Local/Regional Content/Central & Eastern Europe,Central & Eastern Europe
/Local/Regional Content/Central & Eastern Europe/Greece,Greece
/Local/Regional Content/Central & South Asia,Central & South Asia
/Local/Regional Content/Central & South Asia/Afghanistan,Afghanistan
/Local/Regional Content/Central & South Asia/India,India
/Local/Regional Content/Central & South Asia/Iran,Iran
/Local/Regional Content/Central & South Asia/Pakistan,Pakistan
/Local/Regional Content/East Asia,East Asia
/Local/Regional Content/East Asia/China,China
/Local/Regional Content/East Asia/Japan,Japan
/Local/Regional Content/East Asia/Korea,Korea
/Local/Regional Content/Mexico & Central America,Mexico & Central America
/Local/Regional Content/Mexico & Central America/Costa Rica,Costa Rica
/Local/Regional Content/Mexico & Central America/Mexico,Mexico
/Local/Regional Content/Middle East,Middle East
/Local/Regional Content/Middle East/Egypt,Egypt
/Local/Regional Content/Middle East/Iraq,Iraq
/Local/Regional Content/Middle East/Israel,Israel
/Local/Regional Content/Middle East/Lebanon,Lebanon
/Local/Regional Content/Middle East/Turkey,Turkey
/Local/Regional Content/Middle East/United Arab Emirates,United Arab Emirates
/Local/Regional Content/Oceania,Oceania
/Local/Regional Content/Oceania/Australia,Australia
/Local/Regional Content/Oceania/New Zealand,New Zealand
/Local/Regional Content/Oceania/Pacific Islands,Pacific Islands
/Local/Regional Content/Polar Regions,Polar Regions
/Local/Regional Content/Russia & Caucasus,Russia & Caucasus
/Local/Regional Content/South America,South America
/Local/Regional Content/South America/Argentina,Argentina
/Local/Regional Content/South America/Brazil,Brazil
/Local/Regional Content/South America/Peru,Peru
/Local/Regional Content/Southeast Asia,Southeast Asia
/Local/Regional Content/Southeast Asia/Indonesia,Indonesia
/Local/Regional Content/Southeast Asia/Malaysia,Malaysia
/Local/Regional Content/Southeast Asia/Philippines,Philippines
/Local/Regional Content/Southeast Asia/Singapore,Singapore
/Local/Regional Content/Southeast Asia/Thailand,Thailand
/Local/Regional Content/Southeast Asia/Vietnam,Vietnam
/Local/Regional Content/US & Canada,US & Canada
/Local/Regional Content/US & Canada/Canada,Canada
/Local/Regional Content/US & Canada/USA,USA
/Local/Regional Content/Western Europe,Western Europe
/Local/Regional Content/Western Europe/France,France
/Local/Regional Content/Western Europe/Germany,Germany
/Local/Regional Content/Western Europe/Ireland,Ireland
/Local/Regional Content/Western Europe/Italy,Italy
/Local/Regional Content/Western Europe/Netherlands,Netherlands
/Local/Regional Content/Western Europe/Portugal,Portugal
/Local/Regional Content/Western Europe/Spain,Spain
/Local/Regional Content/Western Europe/Sweden,Sweden
/Local/Regional Content/Western Europe/United Kingdom,United Kingdom
/Local/Traffic & Public Transit,Traffic & Public Transit
/Local/Weather,Weather
/News & Current Events,News & Current Events
/News & Current Events/Business News,Business News
/News & Current Events/Gossip & Tabloids,Gossip & Tabloids
/News & Current Events/Local News,Local News
/News & Current Events/Magazines,Magazines
/News & Current Events/News Networks,News Networks
/News & Current Events/Newspapers,Newspapers
/News & Current Events/Politics,Politics
/News & Current Events/Politics/Conservative Sites & Organizations,Conservative Sites & Organizations
/News & Current Events/Politics/Elections & Campaigns,Elections & Campaigns
/News & Current Events/Politics/Liberal Sites & Organizations,Liberal Sites & Organizations
/News & Current Events/Technology News,Technology News
/Photo & Video,Photo & Video
/Photo & Video/Photo & Video Equipment,Photo & Video Equipment
/Photo & Video/Photo & Video Equipment/Cameras & Camcorders,Cameras & Camcorders
/Photo & Video/Photo & Video Equipment/Cameras & Camcorders/Camcorders,Camcorders
/Photo & Video/Photo & Video Equipment/Cameras & Camcorders/Cameras,Cameras
/Photo & Video/Photo & Video Sharing,Photo & Video Sharing
/Photo & Video/Photo & Video Software,Photo & Video Software
/Photo & Video/Professional Photo & Video Services,Professional Photo & Video Services
/Photo & Video/Stock Photography,Stock Photography
/Photo & Video/Webcams & Virtual Tours,Webcams & Virtual Tours
/Real Estate,Real Estate
/Real Estate/Home Financing,Home Financing
/Real Estate/Home Inspections & Appraisal,Home Inspections & Appraisal
/Real Estate/Home Insurance,Home Insurance
/Real Estate/Property Management,Property Management
/Real Estate/Real Estate Agencies,Real Estate Agencies
/Real Estate/Rental Listings & Referrals,Rental Listings & Referrals
/Recreation,Recreation
/Recreation/Boating,Boating
/Recreation/Cycling,Cycling
/Recreation/Equestrian,Equestrian
/Recreation/Hobbies,Hobbies
/Recreation/Hobbies/Crafts,Crafts
/Recreation/Hobbies/Paintball,Paintball
/Recreation/Hobbies/Radio Control & Modeling,Radio Control & Modeling
/Recreation/Outdoors,Outdoors
/Recreation/Outdoors/Fishing,Fishing
/Recreation/Outdoors/Hiking & Camping,Hiking & Camping
/Recreation/Outdoors/Hunting & Shooting,Hunting & Shooting
/Recreation/Running,Running
/Recreation/Surf & Swim,Surf & Swim
/Reference,Reference
/Reference/Biographies & Quotations,Biographies & Quotations
/Reference/Business & Personal Listings,Business & Personal Listings
/Reference/Calculators & Reference Tools,Calculators & Reference Tools
/Reference/Dictionaries & Encyclopedias,Dictionaries & Encyclopedias
/Reference/Educational Resources,Educational Resources
/Reference/Forms Guides & Templates,Forms Guides & Templates
/Reference/How-To & Expert Content,How-To & Expert Content
/Reference/Language Study & Translation,Language Study & Translation
/Reference/Libraries & Museums,Libraries & Museums
/Reference/Maps & Geography,Maps & Geography
/Reference/Online Directories,Online Directories
/Reference/Time & Calendars,Time & Calendars
/Science,Science
/Science/Astronomy,Astronomy
/Science/Biological Sciences,Biological Sciences
/Science/Biological Sciences/Anatomy,Anatomy
/Science/Chemistry,Chemistry
/Science/Ecology,Ecology
/Science/Geology,Geology
/Science/Marine Science,Marine Science
/Science/Mathematics,Mathematics
/Science/Physics,Physics
/Science/Scientific Equipment,Scientific Equipment
/Science/Scientific Institutions,Scientific Institutions
/Shopping,Shopping
/Shopping/Antiques & Collectibles,Antiques & Collectibles
/Shopping/Apparel,Apparel
/Shopping/Apparel/Clothing Labels & Designers,Clothing Labels & Designers
/Shopping/Apparel/Clothing Retailers,Clothing Retailers
/Shopping/Apparel/Footwear,Footwear
/Shopping/Apparel/Lingerie & Undergarments,Lingerie & Undergarments
/Shopping/Apparel/T-Shirts,T-Shirts
/Shopping/Apparel/Watches & Accessories,Watches & Accessories
/Shopping/Auctions,Auctions
/Shopping/Consumer Affairs & Product Reviews,Consumer Affairs & Product Reviews
/Shopping/Consumer Affairs & Product Reviews/Consumer Affairs,Consumer Affairs
/Shopping/Consumer Affairs & Product Reviews/Price Comparisons,Price Comparisons
/Shopping/Consumer Affairs & Product Reviews/Product Reviews,Product Reviews
/Shopping/Coupons & Rebates,Coupons & Rebates
/Shopping/Customer Services,Customer Services
/Shopping/Customer Services/Warranties & Service Contracts,Warranties & Service Contracts
/Shopping/Flowers Gifts & Greetings,Flowers Gifts & Greetings
/Shopping/Flowers Gifts & Greetings/Cards & Greetings,Cards & Greetings
/Shopping/Flowers Gifts & Greetings/Flowers,Flowers
/Shopping/Flowers Gifts & Greetings/Gifts,Gifts
/Shopping/Flowers Gifts & Greetings/Parties & Occasions,Parties & Occasions
/Shopping/Luxury Goods,Luxury Goods
/Shopping/Luxury Goods/Gems & Jewelry,Gems & Jewelry
/Shopping/Mass Merchants & Department Stores,Mass Merchants & Department Stores
/Shopping/Shopping Portals & Search Engines,Shopping Portals & Search Engines
/Shopping/Ticket Sales,Ticket Sales
/Shopping/Tobacco Products,Tobacco Products
/Social Networks & Online Communities,Social Networks & Online Communities
/Social Networks & Online Communities/Blogging Resources & Services,Blogging Resources & Services
/Social Networks & Online Communities/Dating & Relationships,Dating & Relationships
/Social Networks & Online Communities/Dating & Relationships/Matrimonial Services,Matrimonial Services
/Social Networks & Online Communities/Dating & Relationships/Personals,Personals
/Social Networks & Online Communities/Dating & Relationships/Photo Rating Sites,Photo Rating Sites
/Social Networks & Online Communities/Forum & Chat Providers,Forum & Chat Providers
/Social Networks & Online Communities/Online Journals & Personal Sites,Online Journals & Personal Sites
/Social Networks & Online Communities/Social Networks,Social Networks
/Society,Society
/Society/Education,Education
/Society/Education/Colleges & Universities,Colleges & Universities
/Society/Education/Distance Learning,Distance Learning
/Society/Education/Homeschooling,Homeschooling
/Society/Education/K-12,K-12
/Society/Education/Lesson Plans & Teaching Resources,Lesson Plans & Teaching Resources
/Society/Education/Test Preparation,Test Preparation
/Society/Education/Vocational & Continuing Education,Vocational & Continuing Education
/Society/Government & Regulatory Bodies,Government & Regulatory Bodies
/Society/Government & Regulatory Bodies/Royalty,Royalty
/Society/Government & Regulatory Bodies/Visa & Immigration,Visa & Immigration
/Society/Labor & Unions,Labor & Unions
/Society/Legal,Legal
/Society/Legal/Accident & Personal Injury Law,Accident & Personal Injury Law
/Society/Legal/Bankruptcy,Bankruptcy
/Society/Legal/Criminal Law,Criminal Law
/Society/Legal/Family Law,Family Law
/Society/Legal/Intellectual Property,Intellectual Property
/Society/Legal/Labor & Employment Law,Labor & Employment Law
/Society/Legal/Law Schools & Training,Law Schools & Training
/Society/Military,Military
/Society/Military/Veterans,Veterans
/Society/Public Safety,Public Safety
/Society/Public Safety/Crime & Justice,Crime & Justice
/Society/Public Safety/Emergency Services,Emergency Services
/Society/Public Safety/Law Enforcement,Law Enforcement
/Society/Public Safety/Security Products & Services,Security Products & Services
/Society/Social Science,Social Science
/Society/Social Science/Demographics,Demographics
/Society/Social Science/Economics,Economics
/Society/Social Science/International Relations,International Relations
/Society/Social Science/Psychology,Psychology
/Society/Social Services,Social Services
/Society/Social Services/Counseling Services,Counseling Services
/Society/Social Services/Welfare & Unemployment,Welfare & Unemployment
/Sports,Sports
/Sports/Baseball,Baseball
/Sports/Basketball,Basketball
/Sports/Cheerleading,Cheerleading
/Sports/Combat Sports,Combat Sports
/Sports/Combat Sports/Boxing,Boxing
/Sports/Combat Sports/Martial Arts,Martial Arts
/Sports/Combat Sports/Wrestling,Wrestling
/Sports/Cricket,Cricket
/Sports/Extreme Sports,Extreme Sports
/Sports/Football,Football
/Sports/Golf,Golf
/Sports/Gymnastics,Gymnastics
/Sports/Hockey,Hockey
/Sports/Horse & Dog Racing,Horse & Dog Racing
/Sports/Motor Sports,Motor Sports
/Sports/Olympics & International Competitions,Olympics & International Competitions
/Sports/Racquet Sports,Racquet Sports
/Sports/Rugby,Rugby
/Sports/Soccer,Soccer
/Sports/Sporting Goods,Sporting Goods
/Sports/Sports Magazines,Sports Magazines
/Sports/Track & Field,Track & Field
/Sports/Volleyball,Volleyball
/Sports/Water Sports,Water Sports
/Sports/Winter Sports,Winter Sports
/Telecommunications,Telecommunications
/Telecommunications/Communications Equipment,Communications Equipment
/Telecommunications/Location & Tracking (GIS-GPS),Location & Tracking (GIS-GPS)
/Telecommunications/Mobile & Wireless,Mobile & Wireless
/Telecommunications/Mobile & Wireless/Mobile & Wireless Retailers,Mobile & Wireless Retailers
/Telecommunications/Mobile & Wireless/Mobile Phones,Mobile Phones
/Telecommunications/Mobile & Wireless/Ringtones & Mobile Goodies,Ringtones & Mobile Goodies
/Telecommunications/Service Providers,Service Providers
/Telecommunications/Service Providers/Cable & Satellite Providers,Cable & Satellite Providers
/Telecommunications/Service Providers/ISPs,ISPs
/Telecommunications/Service Providers/Phone Service Providers,Phone Service Providers
/Telecommunications/Service Providers/Phone Service Providers/Calling Cards,Calling Cards
/Telecommunications/Teleconferencing,Teleconferencing
/Telecommunications/VOIP & Internet Telephony,VOIP & Internet Telephony
/Travel,Travel
/Travel/Adventure Travel,Adventure Travel
/Travel/Air Travel,Air Travel
/Travel/Attractions & Activities,Attractions & Activities
/Travel/Bus & Rail,Bus & Rail
/Travel/Car Rental & Taxi Services,Car Rental & Taxi Services
/Travel/Cruises & Charters,Cruises & Charters
/Travel/Hotels & Accommodations,Hotels & Accommodations
/Travel/Vacation Destinations,Vacation Destinations
/Travel/Vacation Destinations/Australia,Australia
/Travel/Vacation Destinations/Caribbean Islands,Caribbean Islands
/Travel/Vacation Destinations/Hawaii,Hawaii
/Travel/Vacation Destinations/Hong Kong,Hong Kong
/Travel/Vacation Destinations/Las Vegas,Las Vegas
/Travel/Vacation Destinations/Mexico,Mexico
/Travel/Vacation Destinations/New York City,New York City
/Travel/Vacation Destinations/Orlando,Orlando
